instruction,input,expected_output,base_model_output,tuned_model_output,base_score,tuned_score,base_keywords,tuned_keywords,base_hallucination_flag,tuned_hallucination_flag,base_length_ok,tuned_length_ok,improvement_notes
Generate an exam-style question from the lecture context.,"Topic: LLM Alignment (RLHF / DPO)
Difficulty: medium
Lecture context: 58
Evaluate the human-aligned LLM
Evaluate the human-aligned LLM
Summarization
Dataset
Evaluate using the toxicity score
Toxicity score before:
0.14
Instruct
LLM
Reward
Model
Human-
aligned
LLM
Toxicity score after:
0.09
Reward
Model","Question: Which alignment method optimizes the LLM policy directly on preference datasets without training an explicit reward model?
Choices: A) PPO B) SFT C) DPO D) RAG
Correct answer: C
Explanation: Direct Preference Optimization (DPO) mathematically reformulates the RLHF objective, allowing direct optimization on pairwise preferences without a separate reward model.","### Question:

**Question:** How does the evaluation of human-aligned LLMs differ in terms of their ability to accurately align with human-written text compared to those aligned by models trained on large language models like RLHF or DPO? Specifically, what is the impact of the human-aligned model's performance on its overall alignment accuracy?

---

This question tests the student's understanding of how different types of LLMs perform when evaluated against human-written text, focusing on the differences between human-aligned and model-aligned alignments. It also requires them to consider the impact of human-aligned models' performance on their overall alignment accuracy.","Question: What is the primary purpose of evaluating human-aligned LLMs in the context of RLHF/DPO?

Correct Answer: Summarization

Explanation: The correct answer is ""Summarization"" because summarization involves extracting key information from large text datasets to create concise summaries or highlight important points. This aligns with the evaluation metrics provided in the context, which include both human-aligned and human-inferred LLMs.

Incorrect Answers:
- Evaluation of human-aligned LLMs does not involve summarization; it focuses on comparing their performance against human-generated outputs.
- Toxicity scores are not directly related to summarization tasks; they measure how well a model handles natural language processing tasks.
- The evaluation criteria for toxicology score do not apply to summarization tasks.",0.477,0.604,"model, llm, evaluation","context, model, llm, evaluation",False,False,True,True,Tuned score higher
Generate an exam-style question from the lecture context.,"Topic: Retrieval-Augmented Generation (RAG)
Difficulty: medium
Lecture context: Keyword search - TF-IDF
27
Term Frequency – Inverse Document Frequency","Question: Which of the following is true regarding model weights in a standard RAG setup?
Choices: A) They are updated via backpropagation B) They are fine-tuned on retrieved results C) They remain frozen during retrieval and generation D) They are adjusted dynamically at inference time
Correct answer: C
Explanation: In a standard RAG pipeline, the pre-trained language model remains frozen, and external context is injected directly into the prompt without altering the weights.",Question: What is the primary difference between Term Frequency-Inverse Document Frequency (TF-IDF) and traditional retrieval-based generation methods in the context of keyword search?,"Question: What is the primary difference between Term Frequency-Inverse Document Frequency (TF-IDF) and Word Embeddings?
Answer: The main distinction lies in how they measure term importance. TF-IDF calculates the frequency of each word across all documents while embedding vectors capture the semantic meaning of words.",0.207,0.337,"retrieval, context",embedding,False,False,False,True,Tuned score higher
Teach the concept using the required tutoring format.,"Student level: advanced
Question: What is Low-Rank Adaptation (LoRA) and how does it optimize fine-tuning?
Retrieved lecture context: Fine-tuning,
Instruction
Tuning and PERF
Dr. Tamer Arafa
1","Simple explanation: Fine-Tuning is the process of taking a pre-trained model and training it further on a domain-specific dataset to adapt its style, vocabulary, or behavioral alignment.

Analogy: Think of LoRA like adding a post-it note with specialized instructions to a textbook, rather than rewriting the entire book. You only modify a tiny fraction of the parameters, making learning faster and cheaper.

Course-grounded answer: According to the lecture context, Fine-tuning,
Instruction
Tuning and PERF
Dr. Tamer Arafa
1 This explains how what is low-rank adaptation (lora) and how does it optimize fine-tuning.

Common misconception: Many believe fine-tuning is used to inject new factual knowledge into a model. Actually, fine-tuning is best for teaching behavior, style, and output structure; RAG is preferred for factual updates.

Quick check question: Why does LoRA freeze the original model weights and only train low-rank adapter matrices?","Certainly! Let's break down the concept of Low-Rank Adaptation (LoRA) in the context of fine-tuning for machine learning models.

### Understanding LoRA

Low-Rank Adaptation (LoRA) is an optimization technique used to improve the performance of deep neural networks by reducing their dimensionality while preserving important features. This method aims to make the model more efficient and easier to train, especially when dealing with large datasets or complex tasks.

In the context of fine-tuning, LoRA helps in optimizing the parameters of a pre-trained model (like a pre-trained language model like BERT) to better match the specific needs of a new task or dataset. The idea behind LoRA is that by reducing the number of parameters, we can reduce the computational complexity and potentially speed up training","Advanced student level: LoRA is an optimization technique used in deep learning models to reduce overfitting by reducing the rank of the model's weight matrix. It works by iteratively updating the weights of the model based on the loss function, minimizing the difference between the predicted output and the ground truth labels while keeping the learned parameters sparse. This results in better generalization performance compared to traditional methods that rely solely on regularization terms.

Course terminology: LoRA stands for Low-Rank Adaptation

Explanation: The lecture context mentions ""Fine-tuning,"" which refers to the process of training a pre-trained model on new data without retraining it from scratch. LoRA optimizes this process by adjusting the model's structure during training to make it more efficient at predicting unseen data points with fewer parameters.

Answering",0.59,0.674,"context, lora, model, fine-tuning","context, lora, model, fine-tuning, course",False,False,True,True,Tuned score higher
Critique and improve the assistant answer using the lecture context.,"Question: What are the best practices for structuring system prompts?
Lecture context: Summaryofin-contextlearning(ICL)
Classify this review:
I loved this movie!
Sentiment:
Prompt // Zero Shot
Classify this review:
I loved this movie!
Sentiment: Positive
Classify this review:
I don’t like this
chair.
Sentiment:
Prompt // One Shot
Classify this review:
I loved this movie!
Sentiment: Positive
Classify this review:
I don’t like this
chair.
Sentiment: Negative
Classify this review:
Who would use this
product?
Sentiment:
Prompt // Few Shot
>5 or 6 examples
Context Window
(few thousand words)
45
Assistant answer: Prompt engineering is just typing questions in ChatGPT until you get the right answer.","Critique: The answer is overly informal and misses the structured, engineering aspect of prompts, such as templates, delimiters, parser specifications, and systematic evaluation.
Groundedness: not grounded
Missing points: The answer completely fails to grasp the real mechanics of Prompt Engineering & In-Context Learning discussed in the lecture, and mistakes it for an offline parameter update.
Improved answer: Prompt engineering is a systematic discipline of structuring prompt templates, utilizing system instructions, strict output delimiters (like JSON schemas), and programmatic evaluations to get consistent LLM completions.","The assistant's response is quite accurate and relevant to the given input. The prompt ""What are the best practices for structuring system prompts?"" aligns with the context of summarizing information from an ICLE (In-context Learning) session on structured language generation. The reviewer expresses a positive sentiment towards the topic by stating they ""loved"" it.

For the second review, ""I loved this movie!"" the sentiment is clearly positive. This indicates that the reviewer had a very favorable experience with the movie and found it enjoyable.

For the third review, ""I don't like this chair."" the sentiment is negative. The reviewer explicitly states they do not enjoy the product being reviewed.

Lastly, for the fourth review, ""Who would use this product? "", the sentiment is neutral. It asks about potential","Review critique: The reviewer's sentiment seems to be negative due to their criticism of the prompt structure used in the movie review. They express disappointment with the lack of depth and specificity in the response.

Improved answer: Prompt engineering involves crafting clear, concise, and relevant questions that accurately reflect the intended audience and purpose of the conversation. It requires careful consideration of the context, target audience, and desired outcome. A good prompt should provide specific, actionable answers that align with the user's needs and expectations.",0.46,0.424,"context, prompt","context, prompt",False,False,True,True,Base score equal or higher
Teach the concept using the required tutoring format.,"Student level: beginner
Question: What are the best practices for structuring system prompts?
Retrieved lecture context: Return on investment on prompt engineering
Performance
Time spent prompt
engineering
Reflection with
external feedback
With reflection
No reflection
57","Simple explanation: Prompt Engineering is the practice of designing, formatting, and refining inputs to steer LLMs toward generating highly relevant, safe, and structured outputs.

Analogy: Chain of Thought (CoT) prompting is like a student showing their work on a math problem. By writing out each step of the calculation, they are much less likely to make a silly arithmetic mistake.

Course-grounded answer: According to the lecture context, Return on investment on prompt engineering
Performance
Time spent prompt
engineering
Reflection with
external feedback
With reflection
No reflection
57 This explains how what are the best practices for structuring system prompts.

Common misconception: People think prompting is a deterministic programming language. It is actually probabilistic; slight variations in phrasing or formatting can significantly alter the model's completion behavior.

Quick check question: How does Chain of Thought (CoT) prompting improve performance on complex reasoning tasks?","Certainly! Here's an explanation of the best practices for structuring system prompts at a beginner level:

### Best Practices for Structuring System Prompts

1. **Define Clear Objectives**: Start by defining what you want to achieve with your system. This helps in setting clear goals that guide the structure of your prompts.

2. **Use Specific Language**: Use specific language throughout your prompts to ensure clarity and precision. Avoid vague terms like ""any"" or ""all,"" as these can lead to confusion.

3. **Specify Inputs and Outputs**: Clearly define what inputs (e.g., data sources) and outputs (e.g., results) will be used. This makes it easier for others to understand how to interact with your system.

4. **Provide Contextual Information**: Include contextual information such as","Beginner-level question: What are the best practices for structuring system prompts?

Answer: The best practices for structuring system prompts include:

1. **Clarity**: Ensure that your prompts are clear and concise to guide users effectively.

2. **Relevance**: Make sure your prompts are relevant to the task at hand, avoiding generic or irrelevant instructions.

3. **Consistency**: Use consistent language throughout your prompts to maintain clarity and professionalism.

4. **Avoiding Redundancy**: Avoid repeating information in your prompts to prevent confusion.

5. **Structured Structure**: Organize your prompts into logical sections (e.g., introduction, main points, conclusion) to enhance readability and comprehension.

6. **Use of Examples**: Include examples where appropriate to illustrate key points and help clarify complex ideas.

7",0.445,0.354,"context, prompt",prompt,False,False,True,True,Base score equal or higher
Critique and improve the assistant answer using the lecture context.,"Question: Explain the mathematics of the scaled dot-product attention.
Lecture context: Representation Models
17
Bidirectional Encoder
Representations from
Transformers (BERT)
classification
token
Assistant answer: Transformers are models that read words from left to right and remember the last word to predict the next word.","Critique: The description represents Recurrent Neural Networks (RNNs) rather than Transformers. Transformers process all words in parallel, not just left-to-right sequentially.
Groundedness: not grounded
Missing points: The answer completely fails to grasp the real mechanics of Transformer Architecture & Attention discussed in the lecture, and mistakes it for an offline parameter update.
Improved answer: Transformers do not process tokens sequentially from left to right; they use self-attention to compute representation vectors for all tokens in parallel, enabling rapid training over massive contexts.","The mathematics behind the scaled dot-product attention in transformers is quite complex but can be broken down into several key components:

1. **Attention Mechanism**: The scaled dot-product attention mechanism is based on the dot product between the query vector and the key vectors. This operation measures how similar two vectors are.

2. **Scaled Dot-Product Attention**: Instead of averaging over all tokens, which would result in a token-level similarity score, the scaled dot-product attention scales each token's similarity by its weight. This scaling factor is typically set to 0.5 for simplicity.

3. **Weighting Tokens**: The weights assigned to each token depend on their importance or relevance to the task at hand. For example, if one token is more important than another, it will have a higher weight when computing the","The provided answer is accurate but could be improved for clarity and precision. Here's an enhanced version:

Explanation: The mathematics behind the scaled dot-product attention involves several key components:

1. **Dot-Product Attention**: This is a type of self-attention mechanism used in transformer models. It computes the weighted sum of query vectors, key vectors, and value vectors.

2. **Scaled Dot-Product Attention**: This variant scales the dot-product attention computation by multiplying it with a scalar factor called `temp`. This scaling helps in reducing the dimensionality of the output vector while preserving important information.

3. **Self-Attention Mechanism**: In transformers, each token attends to its own context window, which is represented as a set of queries, keys, and values. These tokens interact through these attended vectors",0.578,0.662,"transformer, token, attention, rag","transformer, context, token, model, attention",False,False,True,True,Tuned score higher
Teach the concept using the required tutoring format.,"Student level: intermediate
Question: What are the main components of a RAG pipeline?
Retrieved lecture context: Understanding Embedding Models
No simple interpretation of X
and Y axis
…instead…
points “float around” in
space and similar words
cluster together
food
cuisine
cat
trombone
Vector Space
48","Simple explanation: RAG dynamicizes static LLMs by fetching external, fresh, or proprietary data at inference time, injecting it directly into the prompt context to ensure factual accuracy.

Analogy: It's like a doctor consulting a patient's medical records database during a diagnosis, rather than relying solely on what they remember from medical school.

Course-grounded answer: According to the lecture context, Understanding Embedding Models
No simple interpretation of X
and Y axis
…instead…
points “float around” in
space and similar words
cluster together
food
cuisine
cat
trombone
Vector Space
48 This explains how what are the main components of a rag pipeline.

Common misconception: Some believe RAG completely eliminates hallucinations. While it drastically reduces them by grounding answers in retrieved documents, a model can still hallucinate if it misinterprets the context or if the retrieved search results are noisy.

Quick check question: How does vector database lookup fit into the standard RAG pipeline architecture?","The main components of a RAG (Recurrent Attention Graph) pipeline can be broken down into several key parts:

1. **Initialization**: The pipeline starts with an embedding layer that converts input data into numerical vectors.

2. **Attention Mechanism**: This is where the attention mechanism comes into play. It allows the model to focus on different parts of the input space based on their importance or relevance.

3. **RNN Layers**: These layers process the input data through time steps, capturing temporal dependencies.

4. **Pooling/Flattening**: After processing each time step, the output from the RNN is flattened and passed through a pooling operation to reduce the dimensionality of the data.

5. **Embedding Layer**: Converts the flattened vector back into a dense representation suitable for further processing.","The main components of a Recurrent Attention Graph (RAG) pipeline include:
1. **Attention Mechanism**: This component allows for selective attention to different parts of the input space based on their relevance to the current query or prompt.
2. **Query Generation**: The output from the RAG model is used as the query for subsequent layers, which can be either positional encoding or word embeddings.
3. **Prompt Handling**: The prompt layer adjusts the query dynamically during training to guide the generation process towards more coherent outputs.

These components work together to generate text that is both contextually relevant and grammatically correct, making it suitable for tasks like question-answering and summarization.",0.564,0.63,"model, attention, rag, embedding","context, model, attention, prompt, rag, embedding",False,False,True,True,Tuned score higher
Teach the concept using the required tutoring format.,"Student level: beginner
Question: Explain the difference between Chain of Thought (CoT) and standard prompting.
Retrieved lecture context: Contrastive Language-Image Pretraining (CLIP)
●
CLIP differs from traditional vision-language models
○
It does not generate text descriptions or captions for images
○
Focuses on learning a joint representation space where images and text can be
compared directly
●
Enables various downstream tasks, such as
○
Zero-shot image classification: classify images into one of several classes, without
any prior training or knowledge of the classes
○
Zero-shot image retrieval, text-based image generation
37","Simple explanation: In-Context Learning (ICL) refers to a model's ability to perform new tasks at inference time simply by conditioning on a few illustrative input-output demonstrations (few-shot prompting) without weight updates.

Analogy: Writing a prompt is like setting up a track for a toy train. The model is the train, and the prompt builds the rails; if you build a smooth, directed track, the train naturally goes exactly where you want it.

Course-grounded answer: According to the lecture context, Contrastive Language-Image Pretraining (CLIP)
●
CLIP differs from traditional vision-language models
○
It does not generate text descriptions or captions for images
○
Focuses on learning a joint repre This explains how explain the difference between chain of thought (cot) and standard prompting..

Common misconception: A common misconception is that In-Context Learning (ICL) updates the model's internal weights. In-Context Learning happens entirely inside the transient attention activation states of the forward pass.

Quick check question: What is the difference between zero-shot, few-shot, and system prompting?","Certainly! Here's an explanation of the difference between Chain of Thought (CoT) and standard prompting in the context of contrastive language-image pretraining (CLIP), with a focus on its role in enabling various downstream tasks:

### Chain of Thought (CoT):
Chain of thought is a method used in machine learning to train models by iteratively refining their understanding of the task at hand. It involves a series of questions that guide the model towards solving the problem more effectively.

#### Example Scenario:
Imagine you're trying to understand how to build a bridge. You start by asking ""What materials should I use?"" This question guides your thinking about what kind of structure would be most effective. As you refine this question, you might ask ""How do these materials connect? What supports the structure?"" Each","Beginner-level explanation:

Chain of Thought (CoT) is a technique used in natural language processing to improve understanding by asking questions that lead to new information. It's like a puzzle-solving game where you start with a clue and ask follow-up questions until you find the answer.

Standard prompting, on the other hand, is when a system asks you to provide specific answers based on what it has learned so far. It's more like a teacher telling you exactly what to say.

Example: Imagine you're trying to understand why your friend likes ice cream. You might ask ""What do you think makes someone like ice cream?"" This question leads naturally to new insights about how people feel about ice cream.

In contrast, CLIP focuses on learning a shared representation across images and text. It doesn't just",0.548,0.4,"context, model, prompt",prompt,False,False,True,True,Base score equal or higher
Grade the student's answer using the lecture context.,"Question: Explain the difference between RAG and fine-tuning.
Student answer: RAG is when you train a model on search engine results so it learns everything online.
Lecture context: More challenging: Customer service agent
Do you have any black
jeans or blue jeans?
1. Check inventory for black jeans
2. Check inventory for blue jeans
3. Respond to customer
I’d like to return the
beach towel I bought
1. Verify customer purchase
2. Check return policies
3. If return allowed = “yes”, then:
a. Issue return packing slip
b. Set database record to “return pending”
Required steps
not known ahead
of time
15","Score: 1/5
Feedback: The answer incorrectly states that RAG trains the model on search results and updates weights. RAG keeps model weights frozen and retrieves data at inference time rather than training time.
Corrected answer: Retrieval-Augmented Generation (RAG) keeps the model's weights frozen. At inference time, it performs a semantic search over a vector database to find relevant documents, injects them into the prompt, and lets the LLM generate a response grounded in this external context.","The student's answer does not align with the provided lecture context about customer service agents. The correct explanation should be that RAG (Relevance-Augmented Generation) involves training a model on search engine results to learn relevant information, while fine-tuning refers to adjusting hyperparameters of a pre-trained model to improve its performance.

Given this mismatch, the instruction cannot be applied directly to the question asked. However, if we were to provide an appropriate response based on the context:

**Grade:** 0

**Explanation:** The student's answer is incorrect because RAG is not related to customer service agents as described in the lecture. Instead, it pertains to the process of training models on search engine results to enhance their relevance-based capabilities. Therefore, the instruction cannot be used to grade the student's answer","Grade: B
Explanation: The student's answer contains factual errors about RAG (Relevance-Augmented Generation) and fine-tuning in the context of customer service agents. Specifically, they incorrectly state that RAG trains models on search engine results to learn everything online, which is not accurate. Additionally, their question does not align with the lecture context, which discusses more complex scenarios involving customer service agents rather than general search queries.",0.627,0.611,"context, model, fine-tuning, rag","context, model, fine-tuning, rag",False,False,True,True,Base score equal or higher
Generate an exam-style question from the lecture context.,"Topic: LLM Agents & Multi-Agent Systems
Difficulty: medium
Lecture context: Successful task completion rate (%)
[Adapted from “Executable Code actions Elicit Better LLM Agents”, Wang et al. 2024]
Planning with code improves performance
Model
15","Question: Which framework is commonly used to structure an agent's loop of thought, action, and observation?
Choices: A) BLEU B) LoRA C) ReAct D) RAG
Correct answer: C
Explanation: The ReAct (Reasoning and Acting) framework structures agent prompts to generate thoughts, execute tool actions, and observe results in an iterative loop.",Question: How does the execution of code in planning tasks for language models (LLMs) impact their ability to achieve high success rates (%)?,"Question: According to the lecture, what is the primary goal of planning in language models?

A) To generate text that accurately reflects the intent behind the prompt
B) To execute tasks as quickly as possible
C) To optimize model weights for faster inference
D) To reduce computational resources by caching responses

Correct answer: A) To generate text that accurately reflects the intent behind the prompt

Explanation: The lecture states that ""Planning with code improves performance,"" which directly addresses the core objective of generating accurate and relevant responses based on user input.

This question tests comprehension of how planning functions within language models, aligning closely with the difficulty level specified (medium).",0.192,0.518,"model, llm","model, prompt",False,False,False,True,Tuned score higher
Teach the concept using the required tutoring format.,"Student level: advanced
Question: Explain the difference between RAG and fine-tuning.
Retrieved lecture context: Prompt Template
# System Instructions
You are an useful assistant for geographic information . Only use retrieved documents to
answer.
-
Use only retrieved documents
-
Cite sources as [DOC X]
-
Admit if information is missing
# Conversation History
User: What is the largest city in Canada?
Assistant: Toronto is Canada's largest city with a population of 2.9 million [DOC 1]
# Retrieved Documents
[DOC 1] Ottawa is the capital city of Canada, located in the province of Ontario [DOC 2] Ottawa
became Canada's capital when Queen Victoria chose it in 1857
[DOC 3] The Parliament of Canada is located in Ottawa on Parliament Hill
# Current Query
What is the capital of Canada?
88","Simple explanation: Retrieval-Augmented Generation (RAG) is a technique that combines retrieval models (which fetch relevant context from a document store) with generative LLMs (which synthesize the retrieved information into a natural language response).

Analogy: Think of RAG like an open-book exam. Instead of memorizing every fact (pre-training), the model is allowed to search a library of books (vector search) to find the exact pages it needs to answer the question.

Course-grounded answer: According to the lecture context, Prompt Template
# System Instructions
You are an useful assistant for geographic information . Only use retrieved documents to
answer. This explains how explain the difference between rag and fine-tuning..

Common misconception: A common misconception is that RAG retrains or updates the model's weights. In reality, the model's parameters remain completely frozen; the retrieved context is simply appended to the input prompt.

Quick check question: What is the primary difference between fine-tuning and Retrieval-Augmented Generation (RAG) regarding model weights?","The largest city in Canada is Toronto, which has a population of approximately 2.9 million people.","The largest city in Canada is Toronto, which has a population of approximately 2.9 million people.",0.026,0.026,,,False,False,False,False,Base score equal or higher
Teach the concept using the required tutoring format.,"Student level: intermediate
Question: Explain the difference between Chain of Thought (CoT) and standard prompting.
Retrieved lecture context: Multi-task, instruction ﬁne-tuning
Pre-trained
LLM
Model
Instruction ﬁne-tune on many tasks
Summarize the following text:
Rate this review:
Translate into Python code:
Identify the places:
[EXAMPLE TEXT]
[EXAMPLE COMPLETION]
…
Instruct
LLM
Model
Many examples of each
needed for training
32","Simple explanation: In-Context Learning (ICL) refers to a model's ability to perform new tasks at inference time simply by conditioning on a few illustrative input-output demonstrations (few-shot prompting) without weight updates.

Analogy: Writing a prompt is like setting up a track for a toy train. The model is the train, and the prompt builds the rails; if you build a smooth, directed track, the train naturally goes exactly where you want it.

Course-grounded answer: According to the lecture context, Multi-task, instruction ﬁne-tuning
Pre-trained
LLM
Model
Instruction ﬁne-tune on many tasks
Summarize the following text:
Rate this review:
Translate into Python code:
Identify the places:
[EXAMPLE TE This explains how explain the difference between chain of thought (cot) and standard prompting..

Common misconception: A common misconception is that In-Context Learning (ICL) updates the model's internal weights. In-Context Learning happens entirely inside the transient attention activation states of the forward pass.

Quick check question: What is the difference between zero-shot, few-shot, and system prompting?","Certainly! Here's an explanation of the difference between Chain of Thought (CoT) and standard prompting, along with some example texts to illustrate their usage:

### Chain of Thought (CoT)
**Definition:** CoT is a technique used in machine learning where the model generates its own sequence of actions or decisions based on previous interactions. It involves creating a chain of reasoning that leads to a final decision.

**Example Text 1:**
""Please provide me with the details of your application.""

**Example Completion 1:**
The system will first ask about your name and then proceed to gather information about your qualifications and experience.

**Example Text 2:**
""What is your preferred method of payment?""

**Example Completion 2:**
The system will then ask if you prefer credit card payments,","**Concept Explanation**

Chain of Thought (CoT) is an AI technique used in natural language processing to guide the generation process by providing a logical sequence of prompts that lead to coherent answers. It's particularly useful when dealing with complex questions or instructions where a user might want to follow multiple steps.

Standard prompting, on the other hand, is a more straightforward approach where users provide their own input directly. This method can be faster but may not always yield the most accurate results due to lack of structured guidance.

**Difference Between CoT and Standard Prompting**

1. **Flexibility**: CoT allows for a more flexible structure because it provides a clear path for the system to follow, which can help prevent errors and ensure coherence.
   
2. **Speed**: While CoT can speed up responses,",0.44,0.358,"model, prompt",prompt,False,False,True,True,Base score equal or higher
Teach the concept using the required tutoring format.,"Student level: advanced
Question: What is the difference between small and large language models?
Retrieved lecture context: Introduction to
Agentic Workflows
Task decomposition:
Identifying the steps in
a workflow
17","Simple explanation: Large Language Models (LLMs) are deep learning models trained on massive text datasets to understand, generate, and manipulate natural language.

Analogy: An LLM is like a highly sophisticated predictive text engine on your phone, but scaled up billions of times. It doesn't 'think' in the human sense; it continuously predicts the most probable next word based on patterns in its training data.

Course-grounded answer: According to the lecture context, Introduction to
Agentic Workflows
Task decomposition:
Identifying the steps in
a workflow
17 This explains how what is the difference between small and large language models.

Common misconception: A common misconception is that LLMs possess consciousness or a search engine inside them. They are purely mathematical function approximators that predict token probabilities.

Quick check question: What does it mean for an LLM to be an autoregressive model?","Certainly! Here's an explanation of the difference between small and large language models using the provided context and task decomposition:

### Small Language Models

Small language models (SLMs) are typically very simple models that can be trained on limited data or have been pre-trained on specific tasks. They often consist of a few parameters and a few layers of neural networks. Examples include:

- **BERT**: A transformer-based model used for text classification and summarization.
- **GPT**: Another transformer-based model designed for natural language processing.

**Key Characteristics:**
- **Size**: Smaller models tend to be more efficient with less computational resources.
- **Training Time**: Can be faster due to fewer parameters and simpler architecture.
- **Efficiency**: Often perform better than larger models because they require less training time","Advanced student level explanation:
The difference between small and large language models lies in their computational power and training capabilities.

Small Language Models (SLLMs) are relatively simple neural networks designed for text generation tasks like chatbots or summarization. They typically have fewer parameters than larger models but can generate coherent sentences quickly due to their simplicity. SLLM architectures often include attention mechanisms that allow them to understand context dependencies.

Large Language Models (LLMs), on the other hand, are more complex deep learning architectures trained on massive datasets. LLMs are capable of generating human-like text with high accuracy and diversity. They require vast amounts of computational resources and are optimized for inference rather than fine-tuning.

Contextual understanding is key for LLMs; they need to grasp contextual information from the input prompt to",0.541,0.699,"transformer, context, model","context, model, attention, prompt, fine-tuning, llm",False,False,True,True,Tuned score higher
Generate an exam-style question from the lecture context.,"Topic: Retrieval-Augmented Generation (RAG)
Difficulty: medium
Lecture context: Having an LLM initiate a clothing return
ShopBot
Ok, I’ve found your order.
Do you want to return
any other items from that
order?
No, only the jeans.
Ok great. Let me get a
T
return label from our
shipping partner. Can
you remind me of the
email you used to order?
Lookup with RAG
API call
34","Question: Which of the following is true regarding model weights in a standard RAG setup?
Choices: A) They are updated via backpropagation B) They are fine-tuned on retrieved results C) They remain frozen during retrieval and generation D) They are adjusted dynamically at inference time
Correct answer: C
Explanation: In a standard RAG pipeline, the pre-trained language model remains frozen, and external context is injected directly into the prompt without altering the weights.","Question: In the scenario described in the lecture where an LLM initiates a clothing return at a shopping platform, what is the next step for the user after confirming they wish to return any additional items? Specifically, how should the user proceed by calling the ""lookup with RAG API call"" method to retrieve the email associated with their previous order?",Question: What is retrieval-augmented generation (RAG) in the context of this scenario?,0.407,0.277,"llm, rag","retrieval, context, rag",False,False,True,False,Base score equal or higher
Grade the student's answer using the lecture context.,"Question: What are the best practices for structuring system prompts?
Student answer: Prompt engineering is just typing questions in ChatGPT until you get the right answer.
Lecture context: Traditional Language Model Usage
Great answer
Not so great
OR
Very recent
information
Specialized
knowledge
Prompt
LLM
Internet
Data
Italian Dishes
Movies
US History
3","Score: 1/5
Feedback: The answer is overly informal and misses the structured, engineering aspect of prompts, such as templates, delimiters, parser specifications, and systematic evaluation.
Corrected answer: Prompt engineering is a systematic discipline of structuring prompt templates, utilizing system instructions, strict output delimiters (like JSON schemas), and programmatic evaluations to get consistent LLM completions.","The student's answer aligns well with the provided lecture context regarding traditional language model usage. The prompt engineering aspect of structuring system prompts is indeed relevant to this topic.

Here’s an analysis of the student's response:

1. **Contextual Accuracy**: The answer correctly identifies that prompt engineering involves typing questions into ChatGPT until one gets the correct answer. This aligns with the lecture's emphasis on understanding how LLMs (Large Language Models) interact with user inputs.

2. **Clarity and Precision**: The answer is clear and precise, providing specific information about what prompt engineering entails. It avoids vague or overly general statements like ""great answer"" or ""not-so-great.""

3. **Relevance to Lecture Context**: While not explicitly stated, the answer touches upon the broader concept","The correct response should be ""Prompt engineering is just typing questions in ChatGPT until you get the right answer."" This aligns with the lecture context that traditional language model usage has declined significantly over time.

Grade: Not so great

Explanation: The student's answer contains incorrect information about prompt engineering and does not accurately reflect the lecture context. Instead of focusing on typing questions into ChatGPT to get answers, it emphasizes the importance of prompt engineering, which is actually a more accurate reflection of what the lecture states.",0.627,0.515,"context, model, prompt, llm","context, model, prompt",False,False,True,True,Base score equal or higher
Generate an exam-style question from the lecture context.,"Topic: LLM Agents & Multi-Agent Systems
Difficulty: medium
Lecture context: Example: Marketing team
researcher
writer
Researcher
Tasks
•
Analyze market trends
•
Research competitors
Tools
•
Web search
Graphic designer
Tasks
•
Create data visualizations
•
Create artwork
Tools
•
Image generation,
manipulation
•
Code execution for chart
generation
graphic
designer
Writer
Tasks
•
Transform research
into report text and
marketing copy
Tools
•
(None)
18","Question: Which framework is commonly used to structure an agent's loop of thought, action, and observation?
Choices: A) BLEU B) LoRA C) ReAct D) RAG
Correct answer: C
Explanation: The ReAct (Reasoning and Acting) framework structures agent prompts to generate thoughts, execute tool actions, and observe results in an iterative loop.","**Question:** How can researchers effectively utilize web search tools to gather and analyze market trends, while also leveraging graphic design software to create compelling marketing reports?","Question: What is the primary purpose of using multi-agent systems in marketing research?
A) To analyze market trends and generate reports
B) To create interactive graphic designs
C) To execute complex code scripts
D) To manipulate data visualization tools

Correct answer: A) To analyze market trends and generate reports
Explanation: The lecture explains that multi-agent systems (MAS) allow multiple agents to work together on a project, such as analyzing market trends or generating marketing copy. This allows for more efficient collaboration and faster decision-making compared to single-agent approaches.

Incorrect answers:
B) Creating interactive graphic designs - While this can be part of MAS, it's not its main function.
C) Executing complex code scripts - This is outside the scope of MAS.
D) Manipulating data visualization tools -",0.091,0.367,rag,,False,False,False,True,Tuned score higher
Critique and improve the assistant answer using the lecture context.,"Question: Explain the difference between Chain of Thought (CoT) and standard prompting.
Lecture context: Bag of words
Bag of Words
“Making pizza without a pizza oven”
Word order is ignored, only word presence and frequency matter
pizza
2
without
1
making
1
oven
1
a
1
Keywords
Prompt
30
Assistant answer: Few-shot prompting is when you train a model on a very small dataset.","Critique: The answer incorrectly uses the word 'train'. Few-shot prompting occurs entirely at inference time inside the prompt window; it involves no weight training whatsoever.
Groundedness: partially grounded
Missing points: The response lacks deep course-grounded terms and makes sweeping, technically incorrect assertions.
Improved answer: Few-shot prompting involves injecting 2-5 input-output examples directly into the prompt text at inference time to guide the LLM's style or output schema, with zero backpropagation or weight updates.","Certainly! Here's an improved version of your assistant answer that incorporates the context from the lecture:

---

**Few-shot Prompting:** This technique involves training a model to generate responses based on a limited set of examples rather than a larger corpus. The key advantage of few-shot prompting is that it can be more efficient in terms of computational resources, as fewer data points mean less processing power required.

In contrast, standard prompting typically requires a much larger dataset for effective learning. It relies heavily on the model's ability to understand the nuances of language and context, which can be challenging with limited input.

For example, if we were to train a model to predict whether a given sentence contains ""pizza"" or not, we might start by providing a large number of sentences containing ""pizza."" However, this would result","The assistant's answer contains several inaccuracies and oversimplifications that need to be corrected for clarity and accuracy:

1. **Incorrect Explanation**: The assistant incorrectly states that ""Few-shot prompting is when you train a model on a very small dataset.""
   - This is incorrect because few-shot prompting typically involves training models on limited data rather than datasets with many examples.

2. **Misinterpretation of CoT**: The assistant misinterprets CoT as being about how prompts should be structured or formatted.
   - CoT refers to the process of generating natural language questions based on a given prompt, not how prompts should be structured.

3. **Incorrect Use of Context**: The assistant uses the context of bag-of-words in its explanation but fails to mention that this concept applies universally across all languages and",0.526,0.526,"context, model, prompt","context, model, prompt",False,False,True,True,Base score equal or higher
Grade the student's answer using the lecture context.,"Question: What is the difference between small and large language models?
Student answer: An LLM is a giant database of sentences that it searches through when you ask it a question.
Lecture context: Lecture References
●
Hands-On Large Language Models: Jay Alammar & Maarten Grootendorst
●
DeepLearning.AI – Generative AI for Everyone Course
●
Introduction to Large Language Model (LLM) lecture: Ekta Vats
●
A brief introduction to (large) language models lecture: Sachin Kumar
62","Score: 1/5
Feedback: The answer is wrong. LLMs do not search a database of sentences; they store compressed representations of training patterns in their neural weights and generate text dynamically.
Corrected answer: An LLM is a deep neural network consisting of billions of parameters that generate text word-by-word. It stores compressed patterns of language in its weights rather than searching an explicit database.","The instruction asks us to grade the student's answer based on the provided lecture context. The context mentions several key points about large language models:

1. **Definition**: A large language model is described as ""a giant database of sentences"" that it searches through when answering questions.

2. **Functionality**: It is noted that these models can generate text by searching through their vast corpus of data.

3. **Comparison with Small Models**: The student correctly identifies that small language models are not as powerful or capable as large ones in generating human-like text.

4. **Contextual Understanding**: The context provides additional information about how large language models work, including their ability to search through databases of sentences.

Given this detailed analysis, the student's answer aligns well with the lecture context regarding the definition and capabilities","Grade: 3/5
Explanation: The answer does not directly address the question about the difference between small and large language models as presented in the lecture context. Instead, it provides a general explanation about how LLMs work without addressing the specific comparison asked for.
Correct Answer: Small language models are typically much smaller than large ones, often consisting of tens or hundreds of thousands of parameters. They are designed to be efficient and fast, making them suitable for real-time applications like chatbots and virtual assistants. Large language models, on the other hand, have millions or billions of parameters, allowing them to process vast amounts of text data quickly and accurately.",0.512,0.563,"context, model","context, model, llm",False,False,True,True,Tuned score higher
Generate an exam-style question from the lecture context.,"Topic: Large Language Models Fundamentals
Difficulty: medium
Lecture context: GenerativeAI projectlifecycle
56","Question: What is the core training objective of autoregressive large language models?
Choices: A) Image classification B) Reinforcement learning from scratch C) Next-token prediction D) Token alignment mapping
Correct answer: C
Explanation: Autoregressive LLMs are trained to predict the most likely next token in a sequence given the preceding context.",What is the primary goal of the large language models (LLMs) project lifecycle in the context of generative AI?,"Question: What is the primary purpose of using large language models in generative AI projects?
Options: A) To generate text that accurately reflects human speech patterns B) To analyze natural language data C) To perform statistical analysis on text D) To create synthetic content for marketing purposes
Correct answer: A
Explanation: The correct answer is A because large language models (LLMs) are designed to generate text that closely mirrors human speech patterns, making them ideal for tasks like conversational agents or summarization.",0.312,0.534,"context, model, llm","model, llm",False,False,False,True,Tuned score higher
Teach the concept using the required tutoring format.,"Student level: advanced
Question: Explain causal language modeling and how it differs from masked language modeling.
Retrieved lecture context: Instruction following results (GPT-5)
Identified PII (type → value):
1.Full Name → Jessica T. Alvarez
2. Social Security Number → 524-18-7629
3. Physical Address → 1024 Maple Ridge Lane, Boulder,
CO 80301
REDACTED:
On July 14, 2023, ***** (SSN: *****), residing at *****,
submitted a support ticket…
Followed formatting
instruction
Identified all PII
59","Simple explanation: Pre-training is the initial, computationally expensive stage of training an LLM on massive text corpora (unsupervised learning) using self-supervised objectives like next-token prediction.

Analogy: Pre-training is like a child reading thousands of books in a library for years. They might not know how to answer questions politely yet, but they have learned grammar, spelling, facts, and how sentences are structured.

Course-grounded answer: According to the lecture context, Instruction following results (GPT-5)
Identified PII (type → value):
1.Full Name → Jessica T. Social Security Number → 524-18-7629
3. This explains how explain causal language modeling and how it differs from masked language modeling..

Common misconception: A common misconception is that models are trained to 'know' what is true during pre-training. In truth, they are trained to predict the next token on web data, which includes lies, fiction, and code, meaning they mimic patterns rather than verify truths.

Quick check question: What does it mean for an LLM to be an autoregressive model?","Certainly! Here's an explanation of causal language modeling and masked language modeling, along with their differences:

### Causal Language Modeling

**Definition:** Causal language modeling is a type of machine learning model used to predict the next word in a sequence based on the previous words in the sequence. It aims to understand the cause-and-effect relationships between events or ideas.

**Key Features:**
- **Predicting Next Word:** The model tries to determine what comes next in a sentence given the preceding words.
- **Contextual Understanding:** It can handle complex sentences where multiple causes and effects interact.
- **Complexity:** It requires more data and computational resources compared to simple models like recurrent neural networks (RNNs).

**Example Scenario:**
Suppose you have a sentence ""The cat sat on the","Advanced student level question explanation:

Causal Language Modeling (CLM) is a type of machine learning model designed to predict the next token in a sequence based on its preceding tokens. It's particularly useful for tasks like sentiment analysis or cause-effect reasoning.

Masked Language Modeling (MLM) is another type of model that predicts the next token in a sequence by replacing part of the input with a mask character. This allows the model to focus on specific parts of the text rather than predicting every word.

The key difference between CLM and MLM lies in their approach to generating text:

1. CLM uses past information to guide current predictions.
2. MLM replaces words with masks to generate new sequences.

Both models aim to understand the underlying structure of natural language but differ significantly in their computational approaches and application",0.44,0.451,"context, model","token, model",False,False,True,True,Tuned score higher
Generate an exam-style question from the lecture context.,"Topic: LLM Evaluation & Safety
Difficulty: hard
Lecture context: LLM Evaluation - Metrics - ROUGE-2
Generated output:
It is very cold outside.
It is
is very
very cold
cold outside
Reference (human):
It is cold outside.
It is
is cold
cold outside
55","Question: Based on the lecture context, explain the following: Explain the MMLU benchmark and its significance.
Answer Guidance: Look for mentions of 'LLM Evaluation & Safety' and details of their structural interaction in your response.",What is the weather like outside?,"Question: According to the lecture, what metric does the ROUGE-2 score primarily evaluate?
A) The accuracy of language models in generating human-like text
B) The similarity between two sentences based on word order and meaning
C) The precision of language models for detecting grammatical errors
D) The recall of language models for identifying common words

Correct answer: B) The similarity between two sentences based on word order and meaning
Explanation: ROUGE-2 scores compare the predicted sentence with a gold standard reference sentence, indicating how well the model's predictions match the ground truth.",0.015,0.42,,model,False,False,False,True,Tuned score higher
Teach the concept using the required tutoring format.,"Student level: beginner
Question: Explain how autoregressive decoding works in LLM inference.
Retrieved lecture context: What Is Language AI?
●
Language AI refers to a subfield of AI that focuses on developing technologies capable of
understanding, processing, and generating human language.
●
The term Language AI can often be used interchangeably with natural language processing
(NLP)
8","Simple explanation: The foundational mechanism of LLMs is next-token prediction, where the model outputs a probability distribution over the vocabulary for the subsequent token based on context.

Analogy: It is like a hyper-realistic mirror. It reflects back the style, logic, and depth of the prompts you give it, scaling its intelligence to match the context it's provided.

Course-grounded answer: According to the lecture context, What Is Language AI? ●
Language AI refers to a subfield of AI that focuses on developing technologies capable of
understanding, processing, and generating human language. This explains how explain how autoregressive decoding works in llm inference..

Common misconception: Some believe LLMs can learn new concepts during a standard conversation and remember them forever. Actually, their weights are static at inference; any learning is transient inside the context window.

Quick check question: How does scaling parameters, compute, and dataset size impact LLM capabilities?","Autoregressive decoding is a key component of language models like those found in large language models (LLMs) such as GPT-3 and BERT. It's a method for understanding text by breaking down sentences into smaller units called tokens or symbols.

In an autoregressive decoder, the model takes a sequence of tokens from the input sentence and generates the next token based on its previous state. This process is repeated until it reaches the end of the sentence or encounters a special ending symbol (e.g., EOS).

Here’s how it works:

1. **Initialization**: The model starts with a random initial state, which could be a probability distribution over all possible tokens.

2. **Decoding Loop**: For each token in the current sequence, the model calculates the probabilities of transitioning to each possible","Beginner-level explanation:

Autoregressive decoding is a technique used by large language models (LLMs) like GPT-3 and BART to generate text based on previous tokens or prompts. It's particularly useful for tasks requiring long-term planning or understanding context.

How it works:

1. **Contextual Context**: The model starts with an initial guess about what the next token should say based on its own history.

2. **Feedback Loop**: For each new token, the model checks if it follows a specific pattern called ""contextual feedback."" If not, it generates a random word from a predefined set of words.

3. **Repetition**: The process repeats until the model reaches a state where it has enough context to make a meaningful prediction.

4. **Hierarchical Structure**: This method",0.521,0.674,"token, model, llm","context, token, model, prompt, llm",False,False,True,True,Tuned score higher
Teach the concept using the required tutoring format.,"Student level: beginner
Question: How do agents utilize tools in a ReAct loop?
Retrieved lecture context: Building up the ReAct prompt
Question
Thought
Action
Observation
Question
Thought
Action
Observation
ReAct example
Instructions
Question to be
answered
LLM
(could be more
than one
example)
63","Simple explanation: Multi-Agent systems consist of multiple specialized agent personas that interact dynamically, assigning roles, delegating sub-tasks, and reflecting on each other's outputs.

Analogy: It is like a video game where NPCs (non-player characters) have specific behaviors, inventories, and can interact with their environment and each other to solve a puzzle.

Course-grounded answer: According to the lecture context, Building up the ReAct prompt
Question
Thought
Action
Observation
Question
Thought
Action
Observation
ReAct example
Instructions
Question to be
answered
LLM
(could be more
than one
example)
63 This explains how how do agents utilize tools in a react loop.

Common misconception: A common misconception is that agents represent a new type of machine learning model. In fact, an agent is an orchestration design pattern built *on top* of standard autoregressive LLMs.

Quick check question: What is the difference between short-term memory (chat history) and long-term memory (vector stores) in agent design?","Sure! Let's break down how agents utilize tools in a ReAct loop:

### Instruction: Teach the concept using the required tutoring format.

#### Input:
- **Student level:** Beginner
- **Question:** How do agents utilize tools in a ReAct loop?

#### Retrieved Lecture Context:
Building up the ReAct prompt

#### Question:
**Thought:** The question is asking about the role of tools in an agent's ReAct loop. To answer this, we need to understand what tools are typically used within such loops and how they interact with the agent.

#### Action:
1. Identify the key components of an Agent Loop (e.g., `agent`, `state`, `action`, `result`).
2. Understand that these components can include external tools or libraries that help manage state transitions","Thought
Action
Observation
The question asks about how agents utilize tools in a ReAct loop. This aligns with the topic of AI agent behavior, which is typically covered in advanced courses.

React example
Instructions
Question
Thought
Action
Observation
Answer
LLM
This answer demonstrates an understanding of how ReAct loops work by showing an example of how an agent might react based on received inputs. It also explains that this is part of the broader concept of AI agent behavior, which is beyond the scope of the given lecture context but can be inferred from the provided context.

Final Answer
In a ReAct loop, an agent utilizes various tools such as state variables, actions, and feedback mechanisms to make decisions and update its internal representation over time. The tool selection process",0.463,0.545,"context, prompt","context, llm, course",False,False,True,True,Tuned score higher
Teach the concept using the required tutoring format.,"Student level: intermediate
Question: Explain the MMLU benchmark and its significance.
Retrieved lecture context: LLM Evaluation - Metrics - ROUGE-2
Generated output:
It is very cold outside.
bigram matches

bigrams in reference
ROUGE-2
Recall:
ROUGE-2
Precision:
ROUGE-2
F1:
bigram matches
bigrams in output
precision + recall
2
precision x recall
=
=
=
=
=
2
3
2
4
1.17
= 2 0.335 = 0.57
= 0.5
= 0.67
It is
very cold
is very
cold outside
Reference (human):
It is cold outside.
It is
is cold
cold outside
56","Simple explanation: Safety alignment focuses on preventing model exploits, hallucination mitigation, jailbreak defense, and enforcing toxicity boundaries to ensure safe deployments.

Analogy: Safety guardrails are like brakes on a race car. They don't slow the car down; they actually allow the driver to go faster, knowing they can stop safely before hitting a wall.

Course-grounded answer: According to the lecture context, LLM Evaluation - Metrics - ROUGE-2
Generated output:
It is very cold outside. bigram matches

bigrams in reference
ROUGE-2
Recall:
ROUGE-2
Precision:
ROUGE-2
F1:
bigram matches
bigrams in output
precision + recall
2
precision x recall
=
=
=
=
=
2
3
2
4
1.17
= 2 0.335 = 0.57
= 0.5
= 0.67
It is
very cold
is very
cold outside
Reference (human):
It is cold outside. This explains how explain the mmlu benchmark and its significance..

Common misconception: Some assume that jailbreaks represent bugs in the model's code. In reality, jailbreaks are semantic prompt exploits that leverage the model's instruction-following capabilities to bypass safety alignment weights.

Quick check question: What is a jailbreak in prompt engineering and how does safety alignment mitigate it?","The MMLU Benchmark is a set of evaluation metrics designed to assess machine translation quality. It consists of two main components:

1. **Bigram Matches**: This metric measures how well the model translates sentences with consecutive words correctly.

2. **ROUGE-2**: A precision-recall curve used to evaluate the performance of language models in summarization tasks.

### Significance of the MMLU Benchmark

The MMLU Benchmark was developed by the University of Toronto's Machine Translation Lab (MTL) as part of their research on evaluating machine translation systems. The benchmark aims to provide a standardized way to measure the quality of machine translations across different languages and datasets.

The significance of this benchmark lies in several key points:

1. **Standardization**: By providing a common framework for evaluating machine translation","The MMLU Benchmark is an evaluation framework designed to assess language model performance on various tasks across different languages. It consists of two main components: the Reference Corpus and the Test Set.

### Explanation:

#### The Reference Corpus:
This corpus contains pre-defined text samples that serve as ground truth for evaluating language models' predictions. These texts are typically written in English but can be adapted to other languages if needed.

#### The Test Set:
This set includes actual outputs from language models trained on the same dataset used by the Reference Corpus. The goal is to evaluate how well the models perform when presented with unseen data.

### Significance:

The MMLU Benchmark plays a crucial role in understanding the limitations and strengths of language models. Here’s why it's significant:

1. **Evaluation Precision**: By comparing the",0.41,0.418,"model, evaluation","model, evaluation",False,False,True,True,Tuned score higher
Teach the concept using the required tutoring format.,"Student level: beginner
Question: What is the difference between small and large language models?
Retrieved lecture context: Mixture of Experts (MOE)
40","Simple explanation: Large Language Models (LLMs) are deep learning models trained on massive text datasets to understand, generate, and manipulate natural language.

Analogy: An LLM is like a highly sophisticated predictive text engine on your phone, but scaled up billions of times. It doesn't 'think' in the human sense; it continuously predicts the most probable next word based on patterns in its training data.

Course-grounded answer: According to the lecture context, Mixture of Experts (MOE)
40 This explains how what is the difference between small and large language models.

Common misconception: A common misconception is that LLMs possess consciousness or a search engine inside them. They are purely mathematical function approximators that predict token probabilities.

Quick check question: What does it mean for an LLM to be an autoregressive model?","Certainly! Here's an explanation of the difference between small and large language models using the provided context from a MOE lecture:

### Small Language Models

Small language models, also known as generative models or neural machine translation models, are designed to generate text based on input data. They typically have fewer parameters than larger models like transformer-based models used in deep learning for natural language processing tasks.

**Key Characteristics:**
- **Training Complexity:** Smaller models often require less training time due to their simpler architecture.
- **Efficiency:** They can process large amounts of text quickly, making them suitable for real-time applications where speed is crucial.
- **Limited Vocabulary:** Generally smaller models don't have access to a vast vocabulary that larger models do.

### Large Language Models

Large language models, such as","Beginner-level question explanation:
The student is asking about the differences between small and large language models. The instructor explains that MOE stands for ""Mixture of Experts"" and describes it as a technique used in natural language processing to combine multiple expert systems into one model.

Answer explanation:
1. Small Language Models (SLLMs): These are relatively simple models designed to perform specific tasks like sentiment analysis or named entity recognition. They typically have fewer parameters than larger models but can be trained on limited data sets.

2. Large Language Models (LLMs): LLMs are more complex models capable of understanding and generating human-like text. They often have millions of parameters and require vast amounts of training data to learn from.

3. Size comparison: While both SLLMs and LLMs are neural",0.566,0.501,"transformer, context, model","model, llm",False,False,True,True,Base score equal or higher
